{
  "total": 35,
  "exact_cwe_acc": 0.14285714285714285,
  "loc@\u00b110": 0.11428571428571428,
  "precision_avg": 0.11428571428571428,
  "recall_avg": 0.020053238686779058,
  "pass@1": 0.8857142857142857,
  "latency_ms_mean": 4467.7935872759135
}