{
  "total": 35,
  "exact_cwe_acc": 0.37142857142857144,
  "loc@\u00b110": 0.11428571428571428,
  "precision_avg": 0.11428571428571428,
  "recall_avg": 0.0078083407275953845,
  "pass@1": 0.6285714285714286,
  "latency_ms_mean": 5307.953010286604
}