{
  "total": 35,
  "exact_cwe_acc": 0.14285714285714285,
  "loc@\u00b110": 0.08571428571428572,
  "precision_avg": 0.08571428571428572,
  "recall_avg": 0.004081632653061224,
  "pass@1": 0.9714285714285714,
  "latency_ms_mean": 9966.373068945748
}