{
  "total": 35,
  "exact_cwe_acc": 0.2,
  "loc@\u00b110": 0.11428571428571428,
  "precision_avg": 0.11428571428571428,
  "recall_avg": 0.0078083407275953845,
  "pass@1": 0.7714285714285715,
  "latency_ms_mean": 3204.6001298086985
}