{
  "total": 35,
  "exact_cwe_acc": 0.2571428571428571,
  "loc@\u00b110": 0.02857142857142857,
  "precision_avg": 0.02857142857142857,
  "recall_avg": 0.0037267080745341614,
  "pass@1": 0.7714285714285715,
  "latency_ms_mean": 2996.0103307451523
}