{
  "total": 35,
  "exact_cwe_acc": 0.22857142857142856,
  "loc@\u00b110": 0.02857142857142857,
  "precision_avg": 0.02857142857142857,
  "recall_avg": 0.0037267080745341614,
  "pass@1": 0.8,
  "latency_ms_mean": 5591.603667395456
}