{
  "total": 35,
  "exact_cwe_acc": 0.11428571428571428,
  "loc@\u00b110": 0.11428571428571428,
  "precision_avg": 0.1,
  "recall_avg": 0.00916888494528246,
  "pass@1": 0.9428571428571428,
  "latency_ms_mean": 13599.006959370205
}