{
  "total": 35,
  "exact_cwe_acc": 0.2571428571428571,
  "loc@\u00b110": 0.05714285714285714,
  "precision_avg": 0.05714285714285714,
  "recall_avg": 0.005087252292221236,
  "pass@1": 0.8,
  "latency_ms_mean": 1989.874083655221
}