{
  "total": 35,
  "exact_cwe_acc": 0.14285714285714285,
  "loc@\u00b110": 0.08571428571428572,
  "precision_avg": 0.08571428571428572,
  "recall_avg": 0.005442176870748299,
  "pass@1": 0.9428571428571428,
  "latency_ms_mean": 14969.815015792847
}